{
	"@programName": "ZAP",
	"@version": "2.16.1",
	"@generated": "Mon, 6 Oct 2025 06:02:36",
	"created": "2025-10-06T06:02:36.251077584Z",
	"site":[ 
		{
			"@name": "http://localhost:5000",
			"@host": "localhost",
			"@port": "5000",
			"@ssl": "false",
			"alerts": [ 
				{
					"pluginid": "90004",
					"alertRef": "90004-1",
					"alert": "Insufficient Site Isolation Against Spectre Vulnerability",
					"name": "Insufficient Site Isolation Against Spectre Vulnerability",
					"riskcode": "1",
					"confidence": "2",
					"riskdesc": "Low (Medium)",
					"desc": "<p>Cross-Origin-Resource-Policy header is an opt-in header designed to counter side-channels attacks like Spectre. Resource should be specifically set as shareable amongst different origins.</p>",
					"instances":[ 
						{
							"id": "5",
							"uri": "http://localhost:5000",
							"method": "GET",
							"param": "Cross-Origin-Resource-Policy",
							"attack": "",
							"evidence": "",
							"otherinfo": ""
						}
					],
					"count": "1",
					"solution": "<p>Ensure that the application/web server sets the Cross-Origin-Resource-Policy header appropriately, and that it sets the Cross-Origin-Resource-Policy header to 'same-origin' for all web pages.</p><p>'same-site' is considered as less secured and should be avoided.</p><p>If resources must be shared, set the header to 'cross-origin'.</p><p>If possible, ensure that the end user uses a standards-compliant and modern web browser that supports the Cross-Origin-Resource-Policy header (https://caniuse.com/mdn-http_headers_cross-origin-resource-policy).</p>",
					"otherinfo": "",
					"reference": "<p>https://developer.mozilla.org/en-US/docs/Web/HTTP/Reference/Headers/Cross-Origin-Embedder-Policy</p>",
					"cweid": "693",
					"wascid": "14",
					"sourceid": "1"
				},
				{
					"pluginid": "10021",
					"alertRef": "10021",
					"alert": "X-Content-Type-Options Header Missing",
					"name": "X-Content-Type-Options Header Missing",
					"riskcode": "1",
					"confidence": "2",
					"riskdesc": "Low (Medium)",
					"desc": "<p>The Anti-MIME-Sniffing header X-Content-Type-Options was not set to 'nosniff'. This allows older versions of Internet Explorer and Chrome to perform MIME-sniffing on the response body, potentially causing the response body to be interpreted and displayed as a content type other than the declared content type. Current (early 2014) and legacy versions of Firefox will use the declared content type (if one is set), rather than performing MIME-sniffing.</p>",
					"instances":[ 
						{
							"id": "1",
							"uri": "http://localhost:5000",
							"method": "GET",
							"param": "x-content-type-options",
							"attack": "",
							"evidence": "",
							"otherinfo": "This issue still applies to error type pages (401, 403, 500, etc.) as those pages are often still affected by injection issues, in which case there is still concern for browsers sniffing pages away from their actual content type.\nAt \"High\" threshold this scan rule will not alert on client or server error responses."
						}
					],
					"count": "1",
					"solution": "<p>Ensure that the application/web server sets the Content-Type header appropriately, and that it sets the X-Content-Type-Options header to 'nosniff' for all web pages.</p><p>If possible, ensure that the end user uses a standards-compliant and modern web browser that does not perform MIME-sniffing at all, or that can be directed by the web application/web server to not perform MIME-sniffing.</p>",
					"otherinfo": "<p>This issue still applies to error type pages (401, 403, 500, etc.) as those pages are often still affected by injection issues, in which case there is still concern for browsers sniffing pages away from their actual content type.</p><p>At \"High\" threshold this scan rule will not alert on client or server error responses.</p>",
					"reference": "<p>https://learn.microsoft.com/en-us/previous-versions/windows/internet-explorer/ie-developer/compatibility/gg622941(v=vs.85)</p><p>https://owasp.org/www-community/Security_Headers</p>",
					"cweid": "693",
					"wascid": "15",
					"sourceid": "1"
				},
				{
					"pluginid": "10049",
					"alertRef": "10049-3",
					"alert": "Storable and Cacheable Content",
					"name": "Storable and Cacheable Content",
					"riskcode": "0",
					"confidence": "2",
					"riskdesc": "Informational (Medium)",
					"desc": "<p>The response contents are storable by caching components such as proxy servers, and may be retrieved directly from the cache, rather than from the origin server by the caching servers, in response to similar requests from other users. If the response data is sensitive, personal or user-specific, this may result in sensitive information being leaked. In some cases, this may even result in a user gaining complete control of the session of another user, depending on the configuration of the caching components in use in their environment. This is primarily an issue where \"shared\" caching servers such as \"proxy\" caches are configured on the local network. This configuration is typically found in corporate or educational environments, for instance.</p>",
					"instances":[ 
						{
							"id": "2",
							"uri": "http://localhost:5000",
							"method": "GET",
							"param": "",
							"attack": "",
							"evidence": "",
							"otherinfo": "In the absence of an explicitly specified caching lifetime directive in the response, a liberal lifetime heuristic of 1 year was assumed. This is permitted by rfc7234."
						},
						{
							"id": "7",
							"uri": "http://localhost:5000/robots.txt",
							"method": "GET",
							"param": "",
							"attack": "",
							"evidence": "",
							"otherinfo": "In the absence of an explicitly specified caching lifetime directive in the response, a liberal lifetime heuristic of 1 year was assumed. This is permitted by rfc7234."
						},
						{
							"id": "4",
							"uri": "http://localhost:5000/sitemap.xml",
							"method": "GET",
							"param": "",
							"attack": "",
							"evidence": "",
							"otherinfo": "In the absence of an explicitly specified caching lifetime directive in the response, a liberal lifetime heuristic of 1 year was assumed. This is permitted by rfc7234."
						}
					],
					"count": "3",
					"solution": "<p>Validate that the response does not contain sensitive, personal or user-specific information. If it does, consider the use of the following HTTP response headers, to limit, or prevent the content being stored and retrieved from the cache by another user:</p><p>Cache-Control: no-cache, no-store, must-revalidate, private</p><p>Pragma: no-cache</p><p>Expires: 0</p><p>This configuration directs both HTTP 1.0 and HTTP 1.1 compliant caching servers to not store the response, and to not retrieve the response (without validation) from the cache, in response to a similar request.</p>",
					"otherinfo": "<p>In the absence of an explicitly specified caching lifetime directive in the response, a liberal lifetime heuristic of 1 year was assumed. This is permitted by rfc7234.</p>",
					"reference": "<p>https://datatracker.ietf.org/doc/html/rfc7234</p><p>https://datatracker.ietf.org/doc/html/rfc7231</p><p>https://www.w3.org/Protocols/rfc2616/rfc2616-sec13.html</p>",
					"cweid": "524",
					"wascid": "13",
					"sourceid": "6"
				}
			]
		}
	],
	"sequences":[
	]

}
